{
  "run_id": "002",
  "base_model": "/home/yaya/models/Qwen3-4B",
  "trajectories": 130,
  "train_conversations": 130,
  "lora_rank": 16,
  "lora_alpha": 32,
  "final_loss": 1.5338006019592285,
  "loss_curve": [
    4.481263160705566,
    4.497497081756592,
    3.2518112659454346,
    2.4184656143188477,
    2.0422756671905518,
    1.7303398847579956,
    1.5906709432601929,
    1.5338006019592285
  ],
  "steps": 17,
  "completed_at": "2026-03-23T22:44:20.713483"
}